GEO,SECTOR,Vector,Coordinate,2005, 2007, 2009
Canada,Total all sectors (x 1000),v54258122,1.1,41954981,41318056,38801349
Canada,Crop production (except greenhouse nursery and sod) (x 1000),v54258123,1.2,1507290,2015404,2043705
Canada,Total animal production (except animal aquaculture) (x 1000),v54258124,1.3,321285,306148,280847
Canada,Oil and gas extraction (x 1000),v54258130,1.9,198000,190000,223000
Canada,Mining (except oil and gas) (x 1000),v54258131,1.1,455954,535789,497235
Canada,Total electric power generation transmission and distribution (x 1000),v54258132,1.11,27825147,27834391,26345513
Canada,Total manufacturing (x 1000),v54258139,1.18,5719454,4573103,3806184
Canada,Commercial and institutional sector (x 1000),v54258160,1.39,1082129,1055676,974965
Canada,Residential sector (x 1000),v54258161,1.4,3875229,3827395,3689778
